filename,object_location,image_small,image_thumb
CAS_Map1.png,/objects/CAS_Map1.png,/objects/small/cas_map1_sm.jpg,/objects/thumbs/cas_map1_th.jpg
CAS_Map2.png,/objects/CAS_Map2.png,/objects/small/cas_map2_sm.jpg,/objects/thumbs/cas_map2_th.jpg
CAS_cemeteryphoto.png,/objects/CAS_cemeteryphoto.png,/objects/small/cas_cemeteryphoto_sm.jpg,/objects/thumbs/cas_cemeteryphoto_th.jpg
Environmental_Impact_Report_Map.png,/objects/Environmental_Impact_Report_Map.png,/objects/small/environmental_impact_report_map_sm.jpg,/objects/thumbs/environmental_impact_report_map_th.jpg
IMG_0066.png,/objects/IMG_0066.png,/objects/small/img_0066_sm.jpg,/objects/thumbs/img_0066_th.jpg
IMG_0069.png,/objects/IMG_0069.png,/objects/small/img_0069_sm.jpg,/objects/thumbs/img_0069_th.jpg
IMG_0070.png,/objects/IMG_0070.png,/objects/small/img_0070_sm.jpg,/objects/thumbs/img_0070_th.jpg
IMG_0071.png,/objects/IMG_0071.png,/objects/small/img_0071_sm.jpg,/objects/thumbs/img_0071_th.jpg
IMG_0072.png,/objects/IMG_0072.png,/objects/small/img_0072_sm.jpg,/objects/thumbs/img_0072_th.jpg
IMG_0073.png,/objects/IMG_0073.png,/objects/small/img_0073_sm.jpg,/objects/thumbs/img_0073_th.jpg
IMG_0074.png,/objects/IMG_0074.png,/objects/small/img_0074_sm.jpg,/objects/thumbs/img_0074_th.jpg
IMG_0075.png,/objects/IMG_0075.png,/objects/small/img_0075_sm.jpg,/objects/thumbs/img_0075_th.jpg
IMG_0076.png,/objects/IMG_0076.png,/objects/small/img_0076_sm.jpg,/objects/thumbs/img_0076_th.jpg
IMG_0077.png,/objects/IMG_0077.png,/objects/small/img_0077_sm.jpg,/objects/thumbs/img_0077_th.jpg
IMG_0078.png,/objects/IMG_0078.png,/objects/small/img_0078_sm.jpg,/objects/thumbs/img_0078_th.jpg
IMG_0081.png,/objects/IMG_0081.png,/objects/small/img_0081_sm.jpg,/objects/thumbs/img_0081_th.jpg
IMG_0082.png,/objects/IMG_0082.png,/objects/small/img_0082_sm.jpg,/objects/thumbs/img_0082_th.jpg
IMG_0094.png,/objects/IMG_0094.png,/objects/small/img_0094_sm.jpg,/objects/thumbs/img_0094_th.jpg
IMG_0097.png,/objects/IMG_0097.png,/objects/small/img_0097_sm.jpg,/objects/thumbs/img_0097_th.jpg
IMG_0098.png,/objects/IMG_0098.png,/objects/small/img_0098_sm.jpg,/objects/thumbs/img_0098_th.jpg
IMG_0099.png,/objects/IMG_0099.png,/objects/small/img_0099_sm.jpg,/objects/thumbs/img_0099_th.jpg
IMG_0101.png,/objects/IMG_0101.png,/objects/small/img_0101_sm.jpg,/objects/thumbs/img_0101_th.jpg
IMG_0102.png,/objects/IMG_0102.png,/objects/small/img_0102_sm.jpg,/objects/thumbs/img_0102_th.jpg
IMG_0106.png,/objects/IMG_0106.png,/objects/small/img_0106_sm.jpg,/objects/thumbs/img_0106_th.jpg
IMG_0110.png,/objects/IMG_0110.png,/objects/small/img_0110_sm.jpg,/objects/thumbs/img_0110_th.jpg
IMG_0114.png,/objects/IMG_0114.png,/objects/small/img_0114_sm.jpg,/objects/thumbs/img_0114_th.jpg
IMG_0115.png,/objects/IMG_0115.png,/objects/small/img_0115_sm.jpg,/objects/thumbs/img_0115_th.jpg
LandSurveyMapDay10001.jpg,/objects/LandSurveyMapDay10001.jpg,/objects/small/landsurveymapday10001_sm.jpg,/objects/thumbs/landsurveymapday10001_th.jpg
MapofWinton1834.png,/objects/MapofWinton1834.png,/objects/small/mapofwinton1834_sm.jpg,/objects/thumbs/mapofwinton1834_th.jpg
Plan&Deeds(25)_Page_1.png,/objects/Plan&Deeds(25)_Page_1.png,/objects/small/plan&deeds(25)_page_1_sm.jpg,/objects/thumbs/plan&deeds(25)_page_1_th.jpg
Plan&Deeds(25)_Page_2.png,/objects/Plan&Deeds(25)_Page_2.png,/objects/small/plan&deeds(25)_page_2_sm.jpg,/objects/thumbs/plan&deeds(25)_page_2_th.jpg
TownofWintonMap1954.png,/objects/TownofWintonMap1954.png,/objects/small/townofwintonmap1954_sm.jpg,/objects/thumbs/townofwintonmap1954_th.jpg
WhiteDebry1590MapoftheCarolinas.png,/objects/WhiteDebry1590MapoftheCarolinas.png,/objects/small/whitedebry1590mapofthecarolinas_sm.jpg,/objects/thumbs/whitedebry1590mapofthecarolinas_th.jpg
comberford1657mapofthecarolinas.png,/objects/comberford1657mapofthecarolinas.png,/objects/small/comberford1657mapofthecarolinas_sm.jpg,/objects/thumbs/comberford1657mapofthecarolinas_th.jpg
